,ID3,Bayes,ID3_var2,ID3_var3,ID3_var4
RMSE,40527.50665900802,171402.4916518182,40527.506659008024,45318.19229845991,47514.77907362191
MAE,28704.287186379926,142876.25806451612,28704.287186379926,35380.29761904762,37373.60483870968
R²,,,0.917407929666251,,
